[
  { "jawaban": "komputer" },
  { "jawaban": "android" },
  { "jawaban": "laptop" },
  { "jawaban": "headset" },
  { "jawaban": "charger" },
  { "jawaban": "keyboard" },
  { "jawaban": "mouse" },
  { "jawaban": "speaker" },
  { "jawaban": "monitor" },
  { "jawaban": "printer" },

  { "jawaban": "pisang" },
  { "jawaban": "semangka" },
  { "jawaban": "jeruk" },
  { "jawaban": "apel" },
  { "jawaban": "mangga" },
  { "jawaban": "pepaya" },
  { "jawaban": "kelapa" },
  { "jawaban": "durian" },
  { "jawaban": "anggur" },
  { "jawaban": "stroberi" },

  { "jawaban": "sekolah" },
  { "jawaban": "kampus" },
  { "jawaban": "guru" },
  { "jawaban": "murid" },
  { "jawaban": "perpustakaan" },
  { "jawaban": "kelas" },
  { "jawaban": "ujian" },
  { "jawaban": "pelajaran" },
  { "jawaban": "tugas" },
  { "jawaban": "kantin" },

  { "jawaban": "jakarta" },
  { "jawaban": "bandung" },
  { "jawaban": "surabaya" },
  { "jawaban": "medan" },
  { "jawaban": "makassar" },
  { "jawaban": "bali" },
  { "jawaban": "yogyakarta" },
  { "jawaban": "palembang" },
  { "jawaban": "manado" },
  { "jawaban": "padang" },

  { "jawaban": "kucing" },
  { "jawaban": "anjing" },
  { "jawaban": "kelinci" },
  { "jawaban": "burung" },
  { "jawaban": "harimau" },
  { "jawaban": "serigala" },
  { "jawaban": "singa" },
  { "jawaban": "kuda" },
  { "jawaban": "gajah" },
  { "jawaban": "unta" },

  { "jawaban": "baju" },
  { "jawaban": "celana" },
  { "jawaban": "jaket" },
  { "jawaban": "topi" },
  { "jawaban": "sepatu" },
  { "jawaban": "kaos" },
  { "jawaban": "kemeja" },
  { "jawaban": "rok" },
  { "jawaban": "sandal" },
  { "jawaban": "kaus kaki" },

  { "jawaban": "nasi" },
  { "jawaban": "ayam" },
  { "jawaban": "ikan" },
  { "jawaban": "tempe" },
  { "jawaban": "tahu" },
  { "jawaban": "sate" },
  { "jawaban": "bakso" },
  { "jawaban": "soto" },
  { "jawaban": "rawon" },
  { "jawaban": "rendang" },

  { "jawaban": "mobil" },
  { "jawaban": "motor" },
  { "jawaban": "pesawat" },
  { "jawaban": "kapal" },
  { "jawaban": "kereta" },
  { "jawaban": "bus" },
  { "jawaban": "becak" },
  { "jawaban": "sepeda" },
  { "jawaban": "truk" },
  { "jawaban": "ambulans" },

  { "jawaban": "dokter" },
  { "jawaban": "perawat" },
  { "jawaban": "guru" },
  { "jawaban": "pilot" },
  { "jawaban": "polisi" },
  { "jawaban": "tentara" },
  { "jawaban": "koki" },
  { "jawaban": "petani" },
  { "jawaban": "montir" },
  { "jawaban": "nelayan" },

  { "jawaban": "buku" },
  { "jawaban": "pena" },
  { "jawaban": "hapus" },
  { "jawaban": "penggaris" },
  { "jawaban": "tas" },
  { "jawaban": "kertas" },
  { "jawaban": "pulpen" },
  { "jawaban": "map" },
  { "jawaban": "staples" },
  { "jawaban": "lem" },

  { "jawaban": "rumah" },
  { "jawaban": "kamar" },
  { "jawaban": "dapur" },
  { "jawaban": "kamar mandi" },
  { "jawaban": "garasi" },
  { "jawaban": "taman" },
  { "jawaban": "meja" },
  { "jawaban": "kursi" },
  { "jawaban": "sofa" },
  { "jawaban": "lemari" },

  { "jawaban": "pantai" },
  { "jawaban": "gunung" },
  { "jawaban": "hutan" },
  { "jawaban": "danau" },
  { "jawaban": "sungai" },
  { "jawaban": "laut" },
  { "jawaban": "gurun" },
  { "jawaban": "salju" },
  { "jawaban": "air terjun" },
  { "jawaban": "padang rumput" },

  { "jawaban": "robot" },
  { "jawaban": "kamera" },
  { "jawaban": "televisi" },
  { "jawaban": "radio" },
  { "jawaban": "tablet" },
  { "jawaban": "wifi" },
  { "jawaban": "password" },
  { "jawaban": "gamepad" },
  { "jawaban": "microphone" },
  { "jawaban": "projector" },

  { "jawaban": "kopi" },
  { "jawaban": "teh" },
  { "jawaban": "susu" },
  { "jawaban": "coklat" },
  { "jawaban": "sirup" },
  { "jawaban": "jus" },
  { "jawaban": "air mineral" },
  { "jawaban": "boba" },
  { "jawaban": "es krim" },
  { "jawaban": "milkshake" },

  { "jawaban": "bola" },
  { "jawaban": "racket" },
  { "jawaban": "gawang" },
  { "jawaban": "lapangan" },
  { "jawaban": "wasit" },
  { "jawaban": "pelatih" },
  { "jawaban": "pemain" },
  { "jawaban": "penonton" },
  { "jawaban": "timnas" },
  { "jawaban": "gol" }
]