{
  "120363422336093859@g.us": {
    "2025-09-03": {
      "6285176835090@s.whatsapp.net": 34,
      "6289505385878@s.whatsapp.net": 26,
      "6283846781034@s.whatsapp.net": 22,
      "6283856943872@s.whatsapp.net": 23,
      "6283873322396@s.whatsapp.net": 14,
      "6283899643157@s.whatsapp.net": 12,
      "628990936282@s.whatsapp.net": 31
    },
    "2025-09-04": {
      "6283846781034@s.whatsapp.net": 44,
      "6283899643157@s.whatsapp.net": 24,
      "6283856943872@s.whatsapp.net": 30,
      "6289505385878@s.whatsapp.net": 43,
      "6285176835090@s.whatsapp.net": 22,
      "6283873322396@s.whatsapp.net": 15,
      "628990936282@s.whatsapp.net": 32
    },
    "2026-01-01": {
      "6285185795481@s.whatsapp.net": 3,
      "6283846781034@s.whatsapp.net": 3,
      "628990936282@s.whatsapp.net": 3
    },
    "2026-01-02": {
      "6285176835090@s.whatsapp.net": 23,
      "6285185795481@s.whatsapp.net": 14,
      "628990936282@s.whatsapp.net": 16,
      "6283846781034@s.whatsapp.net": 5,
      "6283110834523@s.whatsapp.net": 2,
      "6283873322396@s.whatsapp.net": 11
    },
    "2026-01-03": {
      "6285185795481@s.whatsapp.net": 2,
      "6283856943872@s.whatsapp.net": 6,
      "628990936282@s.whatsapp.net": 16,
      "6285176835090@s.whatsapp.net": 16,
      "6283846781034@s.whatsapp.net": 7,
      "6283873322396@s.whatsapp.net": 3
    },
    "2026-01-04": {
      "6283846781034@s.whatsapp.net": 4,
      "6283110834523@s.whatsapp.net": 1,
      "6285176835090@s.whatsapp.net": 29,
      "6285185795481@s.whatsapp.net": 1,
      "628990936282@s.whatsapp.net": 19,
      "6283873322396@s.whatsapp.net": 4
    }
  },
  "120363418835782470@g.us": {
    "2025-09-04": {
      "6283146145554@s.whatsapp.net": 543,
      "6287770170491@s.whatsapp.net": 7,
      "6283856943872@s.whatsapp.net": 121,
      "22501762788@s.whatsapp.net": 12,
      "6285136787899@s.whatsapp.net": 1,
      "6281371379077@s.whatsapp.net": 1,
      "239268819689724@lid": 1,
      "6283150288457@s.whatsapp.net": 36,
      "628817698505@s.whatsapp.net": 1,
      "6283138498327@s.whatsapp.net": 1,
      "6282156718496@s.whatsapp.net": 1,
      "6285396026154@s.whatsapp.net": 1,
      "6285124040768@s.whatsapp.net": 1,
      "6283842254923@s.whatsapp.net": 80,
      "65133598499010@lid": 2,
      "6283141780948@s.whatsapp.net": 7,
      "6289617930300@s.whatsapp.net": 2,
      "6283833990259@s.whatsapp.net": 4,
      "6285813708418@s.whatsapp.net": 1,
      "6288705002438@s.whatsapp.net": 2,
      "6282337375424@s.whatsapp.net": 1,
      "6281223521851@s.whatsapp.net": 1,
      "168350504231050@lid": 3,
      "6287821735188@s.whatsapp.net": 14,
      "6287891443003@s.whatsapp.net": 1,
      "6288291311133@s.whatsapp.net": 1,
      "2694062066@s.whatsapp.net": 2,
      "6289687546669@s.whatsapp.net": 3,
      "117020695728161@lid": 1,
      "6285778591477@s.whatsapp.net": 2,
      "6289528669288@s.whatsapp.net": 1,
      "6283134253989@s.whatsapp.net": 1,
      "6285134914392@s.whatsapp.net": 2,
      "6285781059712@s.whatsapp.net": 1,
      "6289519476281@s.whatsapp.net": 3,
      "6285813855159@s.whatsapp.net": 2,
      "6285719145504@s.whatsapp.net": 3,
      "6288294024590@s.whatsapp.net": 1,
      "62882015068050@s.whatsapp.net": 2,
      "6283190695122@s.whatsapp.net": 1,
      "6281227274189@s.whatsapp.net": 1,
      "16789564059834@lid": 1,
      "6283160107111@s.whatsapp.net": 1,
      "628990936282@s.whatsapp.net": 1,
      "6281910519375@s.whatsapp.net": 1,
      "6282170504727@s.whatsapp.net": 2,
      "6285184047326@s.whatsapp.net": 6,
      "628884640480@s.whatsapp.net": 1
    },
    "2025-09-05": {
      "6285719145504@s.whatsapp.net": 7,
      "6283146145554@s.whatsapp.net": 56,
      "6283856943872@s.whatsapp.net": 13,
      "6283150288457@s.whatsapp.net": 4
    },
    "2026-01-01": {
      "6285824862466@s.whatsapp.net": 9,
      "6283183663642@s.whatsapp.net": 7,
      "6285692315975@s.whatsapp.net": 2,
      "6281288622293@s.whatsapp.net": 4,
      "628990936282@s.whatsapp.net": 26,
      "6283191945641@s.whatsapp.net": 5,
      "6289501519478@s.whatsapp.net": 3,
      "6283878617406@s.whatsapp.net": 2,
      "6288215943097@s.whatsapp.net": 12,
      "6285708713502@s.whatsapp.net": 2,
      "62887436076360@s.whatsapp.net": 2,
      "62881012954830@s.whatsapp.net": 4,
      "6285138224340@s.whatsapp.net": 1,
      "6289677042358@s.whatsapp.net": 1,
      "6287881316151@s.whatsapp.net": 8,
      "6283159227378@s.whatsapp.net": 1,
      "6285137483880@s.whatsapp.net": 1,
      "6285261524708@s.whatsapp.net": 3,
      "6283845989155@s.whatsapp.net": 1,
      "6287850981743@s.whatsapp.net": 8,
      "6282130224265@s.whatsapp.net": 1
    },
    "2026-01-02": {
      "6285261524708@s.whatsapp.net": 1,
      "6283856943872@s.whatsapp.net": 20,
      "628990936282@s.whatsapp.net": 3,
      "6283183663642@s.whatsapp.net": 11,
      "62882003718886@s.whatsapp.net": 2,
      "6287850981743@s.whatsapp.net": 5,
      "6288215943097@s.whatsapp.net": 3,
      "6288212286740@s.whatsapp.net": 1,
      "6285708713502@s.whatsapp.net": 1
    },
    "2026-01-03": {
      "6285138224340@s.whatsapp.net": 7,
      "6283183663642@s.whatsapp.net": 81,
      "6283856943872@s.whatsapp.net": 131,
      "628990936282@s.whatsapp.net": 32,
      "6283840586546@s.whatsapp.net": 2,
      "50937186680@s.whatsapp.net": 13,
      "6283161994015@s.whatsapp.net": 4,
      "6288279284066@s.whatsapp.net": 1,
      "6281572480595@s.whatsapp.net": 1,
      "6285179951191@s.whatsapp.net": 1,
      "6283851574962@s.whatsapp.net": 1,
      "6285217986963@s.whatsapp.net": 3,
      "62881012954830@s.whatsapp.net": 10,
      "6281348723195@s.whatsapp.net": 1,
      "6289512549154@s.whatsapp.net": 3,
      "6288212286740@s.whatsapp.net": 1,
      "86591439691893@s.whatsapp.net": 4,
      "6285824862466@s.whatsapp.net": 2,
      "6287881316151@s.whatsapp.net": 2,
      "6281364032974@s.whatsapp.net": 1,
      "6285136787899@s.whatsapp.net": 1,
      "6282358661032@s.whatsapp.net": 16,
      "6288215943097@s.whatsapp.net": 28,
      "6285811494034@s.whatsapp.net": 1,
      "6288214455380@s.whatsapp.net": 3,
      "6287727034762@s.whatsapp.net": 2,
      "6288705002438@s.whatsapp.net": 1,
      "6285827685930@s.whatsapp.net": 1
    },
    "2026-01-04": {
      "6285708713502@s.whatsapp.net": 1,
      "6287881316151@s.whatsapp.net": 12,
      "6283856943872@s.whatsapp.net": 34,
      "6283183663642@s.whatsapp.net": 10,
      "50937186680@s.whatsapp.net": 1,
      "628990936282@s.whatsapp.net": 8,
      "6282271309021@s.whatsapp.net": 2,
      "6288212286740@s.whatsapp.net": 1,
      "6285804081621@s.whatsapp.net": 1,
      "6282178677569@s.whatsapp.net": 1,
      "6285654809718@s.whatsapp.net": 2,
      "6281348723195@s.whatsapp.net": 1,
      "62882003718886@s.whatsapp.net": 1
    }
  },
  "120363399508106946@g.us": {
    "2025-09-01": {
      "6283856943872@s.whatsapp.net": 1
    },
    "2025-09-02": {
      "6283856943872@s.whatsapp.net": 4
    },
    "2025-09-03": {
      "6283856943872@s.whatsapp.net": 7
    },
    "2025-09-04": {
      "6283856943872@s.whatsapp.net": 3
    },
    "2026-01-03": {
      "6283856943872@s.whatsapp.net": 1
    }
  },
  "120363400995590391@g.us": {
    "2025-09-01": {
      "6283856943872@s.whatsapp.net": 11,
      "628990936282@s.whatsapp.net": 3
    },
    "2025-09-02": {
      "628990936282@s.whatsapp.net": 2,
      "6283856943872@s.whatsapp.net": 9
    },
    "2025-09-03": {
      "6283856943872@s.whatsapp.net": 6
    },
    "2025-09-04": {
      "6283856943872@s.whatsapp.net": 4
    },
    "2025-09-07": {
      "628990936282@s.whatsapp.net": 3,
      "6283856943872@s.whatsapp.net": 2
    },
    "2026-01-01": {
      "628990936282@s.whatsapp.net": 162,
      "86591439691893@s.whatsapp.net": 1,
      "6283159227378@s.whatsapp.net": 28
    }
  },
  "120363419886117771@g.us": {
    "2025-09-02": {
      "6283856943872@s.whatsapp.net": 2
    },
    "2025-09-03": {
      "6283856943872@s.whatsapp.net": 24
    },
    "2025-09-04": {
      "6283856943872@s.whatsapp.net": 22
    },
    "2026-01-03": {
      "6283856943872@s.whatsapp.net": 1
    }
  },
  "6285353531543-1613711636@g.us": {
    "2026-01-01": {
      "6285603045128@s.whatsapp.net": 27,
      "628990936282@s.whatsapp.net": 24,
      "628972281277@s.whatsapp.net": 2,
      "6283150179552@s.whatsapp.net": 6,
      "6287890605512@s.whatsapp.net": 2,
      "6285123112087@s.whatsapp.net": 2,
      "6289515997547@s.whatsapp.net": 2,
      "6285723874847@s.whatsapp.net": 1,
      "6285185667890@s.whatsapp.net": 1,
      "6283165675018@s.whatsapp.net": 2,
      "6283862157411@s.whatsapp.net": 3,
      "6281283893450@s.whatsapp.net": 1,
      "6285770661394@s.whatsapp.net": 7,
      "6287891389835@s.whatsapp.net": 4,
      "6288975833586@s.whatsapp.net": 4,
      "6285951693816@s.whatsapp.net": 1
    },
    "2026-01-02": {
      "6283165675018@s.whatsapp.net": 1,
      "628990936282@s.whatsapp.net": 2,
      "6285603045128@s.whatsapp.net": 4,
      "6285812854869@s.whatsapp.net": 1,
      "6283856943872@s.whatsapp.net": 13,
      "6288276522407@s.whatsapp.net": 1,
      "6288975833586@s.whatsapp.net": 1,
      "6282287450669@s.whatsapp.net": 1
    },
    "2026-01-03": {
      "6282266438467@s.whatsapp.net": 1,
      "6283856943872@s.whatsapp.net": 36,
      "143053163638929@s.whatsapp.net": 1,
      "6282288586173@s.whatsapp.net": 2,
      "6287890605512@s.whatsapp.net": 4,
      "6288975833586@s.whatsapp.net": 2,
      "6285603045128@s.whatsapp.net": 15,
      "628990936282@s.whatsapp.net": 1,
      "6281228724267@s.whatsapp.net": 3,
      "6288276522407@s.whatsapp.net": 1
    },
    "2026-01-04": {
      "6288220144596@s.whatsapp.net": 1,
      "6283856943872@s.whatsapp.net": 22,
      "6285770661394@s.whatsapp.net": 1,
      "6285603045128@s.whatsapp.net": 10,
      "6283165675018@s.whatsapp.net": 1,
      "628990936282@s.whatsapp.net": 6,
      "6285777906740@s.whatsapp.net": 1,
      "6288975833586@s.whatsapp.net": 2
    }
  },
  "120363423497094657@g.us": {
    "2026-01-01": {
      "628990936282@s.whatsapp.net": 4
    },
    "2026-01-02": {
      "628990936282@s.whatsapp.net": 29,
      "86591439691893@s.whatsapp.net": 3,
      "6283856943872@s.whatsapp.net": 25
    },
    "2026-01-03": {
      "628990936282@s.whatsapp.net": 201,
      "6283856943872@s.whatsapp.net": 276
    }
  }
}