[
   {
      "id": "120363403580557260@g.us",
      "key": "utang",
      "response": "list utang\n+62 858-1448-3031 -20k ( ress alice )\n+62 895-0985-3373 -20k ( ress alice )\n+62 814-1058-5249 -34k ( ress alice )\n+62 896-8820-6739 -40k ( ress alice )\n\ntotal : 113k",
      "isImage": false,
      "image_url": "-"
   },
   {
      "id": "120363402432391622@g.us",
      "key": "data member",
      "response": "*MEMBER FAMILY OBII*\n\n1. BangObi : 1173713297\n2. FB REZEEL : 1721759564\n3. FB BANGLAN : 391891632\n4. FB NONN : 1820186151\n5. FB VANZ : 772502858\n\n6. FB KALZ : 3524259990\n7. FB TAYO : 3241235874\n8. FB RASH : 2286428974\n9. FB XYDITZ : 6974860334\n10. FB CLEO : 1735254679\n\n11. FB PINNN : 9087318792\n12. FB VAN : 2433607121\n13. FB BIL : 2503401038\n14. FB IKYYY : 2249780843\n15. FB PMBRLOLI : 424721401\n\n16. FB LYN17 : 1370904396\n17. FB DIYAAH : 1184380825\n18. FB ZYRO : 2600914307\n19. FB BIXZ : 985658784\n20. FB AL X : 926251310\n\n21. FB FIXZ : 7753000451\n22. FB RAFAEL : 8617326859\n23. FB NDRI : 1171451263\n24. FB DITZ : 1000161596\n25. FB ZEUS⁴⁴⁴ : 5958642317\n\n26. FB 25FAUZI : 740874836\n27. FB 25DILLA : 2033718898\n28. FB REMI²⁷ : 11018343185\n29. FB LUXSY : 1058024843\n30. FB VAAAA- : 2093052695\n31. FB FAJAR : 7375983125",
      "isImage": false,
      "image_url": "-"
   },
   {
      "id": "120363402681452662@g.us",
      "key": "rules",
      "response": "SALAM Semua Member *FAMOUS RED* Dibaca ya Rules Grup di 👇🏻\n\n📌Good Attitude, No Toxic, No Spam/Iklan\n Sembarangan.\n📌No Tag\" Grup Jika Tidak Bersangkutan\n Dengan Guild/Akun Member.\n📌No Spar\" Antar Guild Lain Jika Admin\n Tidak Mengizinkan.\n📌No Kirim\" Foto/Video/Stiker 18+.\n📌Shering Foto/Video 1X Lihat.\n📌Mabar Bareng, No Seleb, On Mic.\n📌Diusahakan Wajib Cn(Ganti Nama),\n Mentahan Nama Di Admin.\n📌Push Point/Guild Wars Bebas, Tidak Ada\n Paksaan.\n\n📌 *Tidak Aktif 5 Hari Otomatis Dikeluarkan*\n *Dari Guild!*",
      "isImage": false,
      "image_url": "-"
   },
   {
      "id": "120363402681452662@g.us",
      "key": "daftar member",
      "response": " *MEMBER FAMOUS RED*\n\n1. FannTzyㅤFR 2682252933ㅤKETUA\n2. GojoㅤFR 515730658 ㅤ WAKIL\n3. YAYAAㅤFR 2257902272\n4. SannnxyzㅤFR 2183380052\n5. JOOㅤFR 259286932\n6. ShibaㅤFR 1010154852 P.WAKIL\n7. MOMYㅤFR 7626401312\n8. JawirㅤFR 2684079912\n9. ARAㅤFR 2401096000\n10. AnkaraㅤFR 1111853874\n11. DITㅤFR 1500012208\n12. DedeGemoyㅤFR 1549127317\n13. ZILLㅤFR 2016709016\n14. RikyㅤFR 2027686492\n15. RulzㅤFR 2147556171\n16. Monn\"ㅤFR 2714549980\n17. Rezaa`ㅤFR 2848915368\n18. BabonㅤFR 3071106629\n19. ILZZZㅤFR 3103140060\n20. ZyiraaaㅤFR 8777463861\n21. ALYAㅤFR 9514998964\n22. NISA ㅤFR 10183474876\n23. QueenㅤFR 10228238557\n24. RendiㅤFR 11970113146\n25. Xynaa`ㅤ?ㅤFR 440192157\n26. Jossㅤ{FR} 4498628760\n27. ☆Banglahi☆FR 8446779230\n28. ☬BMκɪɴɢ☬FR 6691729579\n29. Kiya『RBL』ᴵᴰ 8327536376",
      "isImage": false,
      "image_url": "-"
   },
   {
      "id": "120363402681452662@g.us",
      "key": "info grup",
      "response": " Wajib Save Nomor Whatsaapp Ketua & Wakil",
      "isImage": false,
      "image_url": "-"
   },
   {
      "id": "120363403285952603@g.us",
      "key": "s",
      "response": "s",
      "isImage": false,
      "image_url": "-"
   }
]