{
  "120363407427082044@g.us": {
    "list": {
      "kon": {
        "text": "kontol",
        "image": false
      },
      "panel": {
        "text": "UNTUK KEBUTUHAN BOT WHATSAPP KAMI MENYEDIAKAN BEBERAPA LIST YAITU\n`JASA DESIGN` \n`PANEL PUBLIK LIST`\n> 1GB = 1,500K\n> 2GB = 2,500K\n> 3GB = 3,500K\n> 4GB = 4,500K\n> 5GB = 5,500K\n> 6GB = 6,500K\n> 7GB = 7,500K\n> 8GB = 8,500K\n> 9GB = 9,500K\n> 10GB = 10K\n> UNLIMITED = 12K\n`PANEL PRIVATE LIST`\n> 1GB = 2,500K\n> 2GB = 3,500K\n> 3GB = 4,500K\n> 4GB = 5,500K\n> 5GB = 6,500K\n> 6GB = 7,500K\n> 7GB = 8,500K\n> 8GB = 9,500K\n> 9GB = 10,500K\n> 10GB = 11,500K\n> UNLIMITED = 15K\n> RESELLER = 25K ( NO PT PT )\n\n`LIST SEWA BOT`\n> 1 HARI 3K\n> 1 MINGGU 7K\n> 2 MINGGU 13K\n> HANYA OPEN SEWA 1 - 2 MINGGU\n> SEWA & PREM TERPISAH\n`NOKOS BEBERAPA NEGARA`\n> 🇮🇩 : 7K\n> 🇲🇾 : 9k\n> 🇹🇭 : 14k\n> 🇵🇭 : 11k\nNOKOS FRESH YA\nTERGANTUNG STOCK SELEBIHNYA TANYAKAN SAJA KE ADMIN\nwa.me/message/64TLGJR7PI7GJ1\n\nJIKA INGIN MELIHAT LIST PANEL PTERODACTYL UNTUK BOT WA. SILAHKAN CEK DI BAWAH INI YA\nhttps://dinzid-hosting.netlify.app\n083159227378 ( dinzid )\n0881027247687 (zan)\n\n`NO COPY TEXT KONTOL`\n> 2022 By DinzID",
        "image": "https://cdn.dinzid.biz.id/3SHA.jpg"
      }
    },
    "simbol": "•",
    "proses": "done bosku",
    "time": false,
    "done": "done",
    "done_image": "https://cdn.dinzid.biz.id/17Bd.jpg"
  }
}