[
  {
    "id": "3EB09BC1487FB6106D3204",
    "from": "628990936282@s.whatsapp.net",
    "to": "6283159227378@s.whatsapp.net",
    "msg": "lopyu",
    "date": 1767319662660
  },
  {
    "id": "3EB078B781CBECBD86C80F",
    "from": "628990936282@s.whatsapp.net",
    "to": "6283159227378@s.whatsapp.net",
    "msg": "lopyu",
    "date": 1767320130274
  },
  {
    "id": "3EB0E95EA507A1C147F36A",
    "from": "628990936282@s.whatsapp.net",
    "to": "6283159227378@s.whatsapp.net",
    "msg": "lopyu",
    "date": 1767320242941
  },
  {
    "id": "3EB060B6ADCAC6B006D7CD",
    "from": "628990936282@s.whatsapp.net",
    "to": "6283159227378@s.whatsapp.net",
    "msg": "lopyu",
    "date": 1767320243947
  },
  {
    "id": "MF-W0B4",
    "from": "628990936282@s.whatsapp.net",
    "to": "6283159227378@s.whatsapp.net",
    "msg": "lopyu",
    "date": 1767320566123
  },
  {
    "id": "MF-N1TO",
    "from": "628990936282@s.whatsapp.net",
    "to": "6283159227378@s.whatsapp.net",
    "msg": "lopyu",
    "date": 1767320566692
  },
  {
    "id": "MF-MC0Y",
    "from": "628990936282@s.whatsapp.net",
    "to": "6283159227378@s.whatsapp.net",
    "msg": "lopyu",
    "date": 1767320615885
  },
  {
    "id": "MF-TSPD",
    "from": "628990936282@s.whatsapp.net",
    "to": "6283159227378@s.whatsapp.net",
    "msg": "reza arap icikiwir parhan kebab",
    "date": 1767431061556
  }
]